model,split,threshold,roc_auc,pr_auc,precision,recall,f1,brier,positive_rate
logistic_regression_weighted,validation,0.32,0.7009437836390358,0.2836121707862537,0.2522496371552975,0.5777925531914894,0.3511820569812083,0.13608778576446112,0.14582828331798128
logistic_regression_weighted,test,0.32,0.7552196535238713,0.14909909157754533,0.15683282468633436,0.4777892561983471,0.23615011488383966,0.08108827120783439,0.06021772939346812
random_forest_weighted,validation,0.39,0.7067774052853968,0.2990608579689225,0.30019079923680303,0.47074468085106386,0.3666019417475728,0.1488871351825236,0.14582828331798128
random_forest_weighted,test,0.39,0.6802964439067435,0.1139504599871532,0.09774633123689727,0.577995867768595,0.1672145845786013,0.15026989707507193,0.06021772939346812
xgboost_weighted,validation,0.47,0.7107321618767458,0.2885755982812659,0.2753429240548678,0.5472074468085106,0.36634765190296015,0.1711585968732834,0.14582828331798128
xgboost_weighted,test,0.47,0.6808230849280641,0.11201894506967981,0.09880390835579515,0.6058884297520661,0.16990150637311704,0.1923753172159195,0.06021772939346812
logistic_regression_threshold_only,validation,0.05,0.7189892167908678,0.31054458759555925,0.43047337278106507,0.1934840425531915,0.26697247706422017,0.1367617306855995,0.14582828331798128
logistic_regression_threshold_only,test,0.05,0.7541437538943963,0.14422506751844316,0.17993527508090615,0.14359504132231404,0.15972421717897156,0.057179433685620736,0.06021772939346812
random_forest_threshold_only,validation,0.13,0.6986510912723571,0.31379810205768294,0.2952894791450508,0.4730718085106383,0.36361313402325285,0.12023649152315118,0.14582828331798128
random_forest_threshold_only,test,0.13,0.7260788247006067,0.1346502299309719,0.10614730046948356,0.7474173553719008,0.18589414182939362,0.05906118116273932,0.06021772939346812
xgboost_threshold_only,validation,0.11,0.7108105233953191,0.3076346803174578,0.2874779541446208,0.5418882978723404,0.375662595067988,0.11930561810731888,0.14582828331798128
xgboost_threshold_only,test,0.11,0.6962963522055071,0.12156620553443799,0.09799184659519855,0.6704545454545454,0.17099196416809379,0.05867200717329979,0.06021772939346812
