seller_id,order_volume,delay_rate,avg_delivery_days,avg_delay_days_when_late,avg_order_value,avg_freight_value,freight_ratio,review_score,predicted_risk,seller_state,seller_city,last_order,top_category,on_time_rate,supplier_score,component_reliability,component_predicted_risk,component_delivery_speed,component_freight_performance,component_customer_feedback,rank,priority_tier,low_volume_flag
2d8cfba3fcd3170555941605edaa196a,1,0.0,4.953564814814815,0.0,45.0,10.96,0.2435555555555555,5.0,0.0174265607855771,SP,osasco,2017-03-15 11:41:46,books_technical,1.0,98.72918630048304,100.0,98.7,98.0,93.4,100.0,1,PREFERRED,1
740205fedfe4e90ca6857bc77db0f2b4,1,0.0,3.4825694444444446,0.0,229.9,21.93,0.0953892996955197,5.0,0.0289401685381295,SP,caxias do sul,2017-02-17 03:09:22,small_appliances,1.0,98.7149409017978,100.0,96.5,98.8,97.6,100.0,2,PREFERRED,1
bab0a8cd684e41ba6e2637dca0979d3b,1,0.0,13.315324074074072,0.0,269.9,19.14,0.0709151537606521,5.0,0.0149565282440419,RJ,rio de janeiro,2017-08-22 13:33:36,toys,1.0,98.67256207387103,100.0,99.2,93.6,98.3,100.0,3,PREFERRED,1
f5b84683a9bf9e1df748cf40f601b39c,1,0.0,6.706354166666666,0.0,83.9,9.07,0.1081048867699642,5.0,0.0242266435600802,SP,sao paulo,2016-10-08 22:11:57,baby,1.0,98.64836652082536,100.0,97.4,97.1,97.2,100.0,4,PREFERRED,1
93bef6edaa84956e8e575016449b6351,1,0.0,9.925324074074076,0.0,115.0,14.56,0.1266086956521739,5.0,0.0181352576443599,SP,sao paulo,2017-07-28 21:49:59,sports_leisure,1.0,98.6317677162825,100.0,98.6,95.4,96.7,100.0,5,PREFERRED,1
2f3d8b4c9e2ee165075331fea3f3095a,1,0.0,12.331180555555555,0.0,130.0,17.35,0.1334615384615384,5.0,0.0149771461692651,SC,sao jose,2017-10-13 10:57:04,unknown,1.0,98.57234067938349,100.0,99.2,94.1,96.5,100.0,6,PREFERRED,1
5bba18b40e8c973b0f32e748004775b0,1,0.0,7.072442129629629,0.0,739.98,44.82,0.0605692045730965,5.0,0.0281532921669113,SP,itajobi,2016-10-10 13:57:41,furniture_decor,1.0,98.56600967177556,100.0,96.7,96.9,98.6,100.0,7,PREFERRED,1
f235413f677777a0738ff215d0184901,2,0.0,6.278344907407408,0.0,595.99,27.915,0.0468380341952046,5.0,0.0310306808773791,SP,bariri,2017-01-23 19:32:40,auto,1.0,98.53024999015386,100.0,96.1,97.3,99.0,100.0,8,PREFERRED,1
5d505d2298ad549e4e4e835562fa0c1e,2,0.0,5.899982638888889,0.0,124.9,14.169999999999998,0.1134507606084867,5.0,0.0293129989473359,SP,birigui,2017-04-01 18:01:02,sports_leisure,1.0,98.45360989972164,100.0,96.5,97.5,97.1,100.0,9,PREFERRED,1
4ddeb3e828550cddc8d45c8bc36ab2d1,1,0.0,7.869930555555555,0.0,152.0,12.45,0.0819078947368421,5.0,0.028262354719989,SP,sao paulo,2017-03-15 12:19:23,cool_stuff,1.0,98.4368216477595,100.0,96.7,96.5,98.0,100.0,10,PREFERRED,1
ae9690c6e8fee182c28c9ff8e11ca52c,1,0.0,4.4846875,0.0,87.3,21.72,0.2487972508591065,5.0,0.0246607717603065,SP,sao paulo,2016-10-09 23:25:13,furniture_decor,1.0,98.40497953328352,100.0,97.4,98.3,93.3,100.0,11,PREFERRED,1
4bde6149c15cf7e177b36fa060dd6de8,2,0.0,10.623096064814815,0.0,79.9,16.33,0.204380475594493,5.0,0.0175042220520245,RS,carazinho,2016-10-10 11:22:36,food,1.0,98.38583088395602,100.0,98.7,95.0,94.5,100.0,12,PREFERRED,1
432c67955c0acd1fd6b0b5d678766a71,1,0.0,6.682824074074074,0.0,389.0,60.65,0.1559125964010282,5.0,0.0273049553087419,SP,sao paulo,2016-10-08 18:39:08,health_beauty,1.0,98.36708352830316,100.0,96.9,97.1,95.9,100.0,13,PREFERRED,1
2bdb95a56a36ebbc6640337ac5eac174,1,0.0,5.851944444444444,0.0,89.9,18.0,0.200222469410456,5.0,0.0283972128936446,SP,sao paulo,2017-01-27 22:07:02,health_beauty,1.0,98.25507904616512,100.0,96.6,97.5,94.6,100.0,14,PREFERRED,1
ed49da7cadefc454d6a67de249eab240,1,0.0,7.191886574074074,0.0,21.5,8.72,0.4055813953488372,5.0,0.0142974772088306,SP,sao paulo,2016-10-08 16:02:07,sports_leisure,1.0,98.2413611098689,100.0,99.3,96.8,88.8,100.0,15,PREFERRED,1
ff314fa6033cc68ec451c47aee2d6ba4,2,0.0,10.687337962962962,0.0,268.95,16.22,0.0603086650547953,5.0,0.0291040685076971,SP,sao paulo,2017-05-19 16:09:06,unknown,1.0,98.23376391765336,100.0,96.5,95.0,98.6,100.0,16,PREFERRED,1
5e106d93b717c2682b9383da480364a1,1,0.0,7.260185185185185,0.0,445.9,21.71,0.0486880466472303,5.0,0.0370736388156313,PR,santa terezinha de itaipu,2017-04-20 11:42:01,computers_accessories,1.0,98.15739388879564,100.0,95.0,96.8,98.9,100.0,17,PREFERRED,1
7f02656561b680def9986c0795a8a080,1,0.0,14.175138888888888,0.0,42.0,11.85,0.2821428571428571,5.0,0.0129231270572621,SP,sao paulo,2017-08-18 13:19:58,housewares,1.0,98.10222984885442,100.0,99.6,93.1,92.3,100.0,18,PREFERRED,1
70c4eedec9cb4a85cda2f3f9673557b4,1,0.0,7.002696759259259,0.0,239.9,13.18,0.0549395581492288,5.0,0.038378245414667,SP,sao paulo,2017-06-05 16:37:47,computers_accessories,1.0,98.09761992562244,100.0,94.7,96.9,98.8,100.0,19,PREFERRED,1
d4f91e8be86b38da2ee35bc489645a9d,1,0.0,17.22824074074074,0.0,49.99,11.17,0.2234446889377875,5.0,0.0123205186797619,SP,guaratingueta,2016-10-08 09:50:08,sports_leisure,1.0,98.0549077681926,100.0,99.7,91.5,94.0,100.0,20,PREFERRED,1
01ed254b9ff8407dfb9d99ba1e17d923,5,0.0,6.675569444444444,0.0,293.198,13.544,0.0615609834888704,5.0,0.0395922495788086,SP,mogi das cruzes,2017-11-08 20:24:38,watches_gifts,1.0,98.04667450622732,100.0,94.5,97.1,98.6,100.0,21,PREFERRED,1
e1bed63d68ac36fe1f3061befe196af5,1,0.0,8.606180555555556,0.0,199.0,18.0,0.0904522613065326,5.0,0.0357979868382721,SP,mogi guacu,2017-01-30 18:30:53,cool_stuff,1.0,97.992977967936,100.0,95.2,96.1,97.7,100.0,22,PREFERRED,1
fc4751cfe3b279c419615b9b00c1abb4,1,0.0,8.010011574074074,0.0,453.7,17.35,0.0382411284990081,5.0,0.0401034748398183,PR,londrina,2017-02-16 15:53:00,housewares,1.0,97.98224875082992,100.0,94.4,96.4,99.2,100.0,23,PREFERRED,1
c353f8fc0ce8344999f17d578eb69a5e,2,0.0,9.96112847222222,0.0,87.99,18.295,0.2079213546993976,5.0,0.0271549249322146,RS,porto alegre,2017-02-06 14:54:29,health_beauty,1.0,97.9660216914866,100.0,96.9,95.4,94.4,100.0,24,PREFERRED,1
2b2fed75b8e5ea3a052fc4c0825da485,3,0.0,5.570671296296297,0.0,170.29999999999998,19.976666666666667,0.1776997090654641,5.0,0.0364424255002588,MG,juiz de fora,2017-07-29 22:32:22,toys,1.0,97.95588379047445,100.0,95.1,97.7,95.3,100.0,25,PREFERRED,1
dd9661d3cda1e6feb237f0c4d8b26f2e,1,0.0,18.19785879629629,0.0,174.0,16.98,0.0975862068965517,5.0,0.0205523201280628,SC,campos novos,2017-10-12 09:19:59,housewares,1.0,97.94054246286116,100.0,98.1,91.0,97.5,100.0,26,PREFERRED,1
f26d70155c2b6326fcfa1780c8c684e4,1,0.0,8.901666666666667,0.0,202.89,16.17,0.0796983587165459,5.0,0.0388821840953765,SC,presidente getulio,2017-06-26 16:50:06,garden_tools,1.0,97.85222517292372,100.0,94.6,95.9,98.0,100.0,27,PREFERRED,1
5f0057b677eb963672bf05dfa3f16c34,4,0.0,7.040208333333333,0.0,53.47,12.7775,0.3577001333735492,5.0,0.0261119766274286,SP,sao paulo,2017-02-02 03:48:06,audio,1.0,97.82322159197028,100.0,97.1,96.9,90.2,100.0,28,PREFERRED,1
7c4402417d51474d4d0cda9557340e40,1,0.0,7.122175925925926,0.0,119.9,27.69,0.2309424520433694,5.0,0.0341394105299986,SP,sao caetano do sul,2017-05-08 16:31:38,housewares,1.0,97.79177934970474,100.0,95.5,96.9,93.8,100.0,29,PREFERRED,1
e5def42655b7490edac5a56fe8e9e603,1,0.0,5.83462962962963,0.0,129.9,11.52,0.0886836027713625,5.0,0.0447519808599029,SP,amparo,2017-03-28 21:56:39,watches_gifts,1.0,97.7893557915904,100.0,93.5,97.6,97.8,100.0,30,PREFERRED,1
00ab3eff1b5192e5f1a63bcecfee11c8,1,0.0,9.052488425925926,0.0,98.0,12.08,0.1232653061224489,5.0,0.0378107796739421,SP,sao paulo,2017-03-18 11:40:26,health_beauty,1.0,97.7679390933474,100.0,94.8,95.8,96.8,100.0,31,PREFERRED,1
b026643914f651e8371425e5b8a1e780,1,0.0,10.41914351851852,0.0,27.9,15.1,0.5412186379928315,5.0,0.0108836726405028,RJ,rio de janeiro,2017-07-07 10:26:23,health_beauty,1.0,97.76342677190478,100.0,100.0,95.1,85.0,100.0,32,PREFERRED,1
fa5fdc4e4bb6bd1009ad0e4ac4096562,1,0.0,7.057268518518518,0.0,161.99,32.86,0.2028520279029569,5.0,0.0366499169793907,SP,santo andre,2016-10-10 12:39:06,auto,1.0,97.7563649934894,100.0,95.1,96.9,94.6,100.0,33,PREFERRED,1
b2eecf5ea250510da76590ca79d60e5d,9,0.0,6.1671476337448565,0.0,117.77777777777776,17.016666666666666,0.24057267670601,5.0,0.0359567553755741,SP,sao paulo,2017-11-11 21:04:48,musical_instruments,1.0,97.75331411701896,100.0,95.2,97.4,93.5,100.0,34,PREFERRED,1
7994081388d55b9cf976c050653dd359,1,0.0,12.970185185185183,0.0,120.0,14.6,0.1216666666666666,5.0,0.0325234455709862,SP,sao paulo,2017-02-09 14:29:29,computers_accessories,1.0,97.7143018311412,100.0,95.9,93.8,96.9,100.0,35,PREFERRED,1
75745ef7bc7d4f3ea3380f6f5303f514,3,0.0,5.69443287037037,0.0,76.13333333333334,16.30666666666667,0.4005129475865172,5.0,0.0281086592261657,DF,brasilia,2017-04-07 09:50:35,toys,1.0,97.71307212808978,100.0,96.7,97.6,88.9,100.0,36,PREFERRED,1
7178e1eaa97257d8b6d4b80efd77a025,1,0.0,7.122962962962963,0.0,167.9,16.81,0.1001191185229303,5.0,0.0438678986100031,SP,tatui,2017-09-05 16:18:47,costruction_tools_tools,1.0,97.69682596126756,100.0,93.7,96.9,97.5,100.0,37,PREFERRED,1
528ce32f560edd11add4169f6a5b65be,1,0.0,2.0966203703703705,0.0,29.9,9.27,0.3100334448160535,5.0,0.0398177057577298,SP,sao roque,2017-07-20 09:58:18,unknown,1.0,97.69487622127166,100.0,94.5,99.5,91.5,100.0,38,PREFERRED,1
dd39ad39b5d3df33037e141c72497ba6,2,0.0,8.673096064814814,0.0,67.9,14.525,0.3505355959455495,5.0,0.0269034540783843,SP,sao paulo,2017-06-10 22:07:50,fashio_female_clothing,1.0,97.67579449339206,100.0,96.9,96.0,90.4,100.0,39,PREFERRED,1
37303482a42fb700d8d127e70a9cd6c8,1,0.0,2.051712962962963,0.0,58.9,8.11,0.1376910016977928,5.0,0.0506655745433597,SP,campinas,2017-12-11 14:52:54,toys,1.0,97.66774018085354,100.0,92.4,99.6,96.4,100.0,40,PREFERRED,1
f3041c2e75ec683697a6a5ea82192210,1,0.0,4.528425925925926,0.0,145.0,24.0,0.1655172413793103,5.0,0.0449081200746224,MG,itauna,2017-02-05 20:43:42,furniture_decor,1.0,97.66770663388684,100.0,93.5,98.2,95.6,100.0,41,PREFERRED,1
73da1880b39c71de2b262bc7720c1494,2,0.0,8.223836805555555,0.0,199.0,23.495,0.1180653266331658,5.0,0.0433620564362152,SP,sao carlos,2018-01-09 12:25:33,housewares,1.0,97.58260370884852,100.0,93.8,96.3,97.0,100.0,42,PREFERRED,1
b1fecf4da1fa2689bccffa0121953643,19,0.0,10.201297514619885,0.0,193.13894736842104,20.89894736842105,0.1198545666087031,4.947368421052632,0.0361359675582449,MS,campo grande,2017-05-27 11:08:23,health_beauty,1.0,97.56914986310778,100.0,95.2,95.2,96.9,98.7,43,PREFERRED,0
19e0f40a907ec568c34bfac15de4f4a1,4,0.0,5.835399305555556,0.0,44.5,10.405,0.2338202247191011,5.0,0.04104215384312,SP,americana,2017-10-17 10:30:04,housewares,1.0,97.55519570408644,100.0,94.2,97.6,93.7,100.0,44,PREFERRED,1
f8f35af4634605e6693c17cc3ffff5a8,1,0.0,10.140243055555556,0.0,90.0,16.39,0.1821111111111111,5.0,0.0371320570955217,MG,campanha,2017-11-12 18:04:56,housewares,1.0,97.54698402004335,100.0,95.0,95.3,95.1,100.0,45,PREFERRED,1
8c91bfea4263b8fba54081460693e2a1,2,0.0,12.129247685185184,0.0,369.5,23.375,0.1086205209873734,5.0,0.0395244525992886,RS,horizontina,2017-02-20 16:53:03,health_beauty,1.0,97.48274685273503,100.0,94.5,94.2,97.2,100.0,46,PREFERRED,1
ebd1417732defaf66c50b5a800eb293e,1,0.0,6.121712962962963,0.0,309.0,16.33,0.0528478964401294,5.0,0.0530486329767237,PR,londrina,2017-03-28 09:40:41,cool_stuff,1.0,97.47069930846462,100.0,91.9,97.4,98.8,100.0,47,PREFERRED,1
0b36063d5818f81ccb94b54adfaebbf5,1,0.0,14.543993055555555,0.0,765.0,18.0,0.0235294117647058,5.0,0.0410621532341592,SC,jaragua do sul,2017-01-30 21:44:49,garden_tools,1.0,97.4585273987884,100.0,94.2,92.9,99.6,100.0,48,PREFERRED,1
c3251e13f1bbda6c74e37c160f991e19,2,0.0,13.26116898148148,0.0,218.9,37.64,0.1543621975916248,5.0,0.0363768883513663,SP,porto ferreira,2017-05-26 16:15:49,auto,1.0,97.4137552020258,100.0,95.1,93.6,95.9,100.0,49,PREFERRED,1
6624bc09786f0e41ae48dfc5eeb1a9e2,1,0.0,15.795405092592592,0.0,89.54,17.47,0.1951083314719678,5.0,0.0298901728765054,MG,belo horizonte,2017-03-05 22:38:18,garden_tools,1.0,97.4074267837023,100.0,96.4,92.3,94.8,100.0,50,PREFERRED,1
3be5841cdcc46de4ed3f9116f104b2c5,4,0.0,8.005859375,0.0,149.9,22.0875,0.1473482321547698,4.75,0.0262956916564467,SP,barueri,2017-02-12 21:41:09,construction_tools_construction,1.0,97.3970451877443,100.0,97.0,96.4,96.1,93.8,51,PREFERRED,1
a89e143d5211473ae18db9577ee34b64,1,0.0,9.211030092592592,0.0,70.0,9.94,0.142,5.0,0.0442515677593233,SP,limeira,2017-06-04 12:09:59,furniture_decor,1.0,97.39357139375514,100.0,93.6,95.8,96.3,100.0,52,PREFERRED,1
1e47defeeadeca0e9a18fa5a9311e735,3,0.0,12.01792824074074,0.0,78.04,19.166666666666668,0.2750546952972242,5.0,0.0318477104534983,SP,catanduva,2017-07-19 16:17:11,sports_leisure,1.0,97.38713170343058,100.0,96.0,94.3,92.5,100.0,53,PREFERRED,1
a81466620e46a6970b22ef40379fdfc9,2,0.0,7.190133101851853,0.0,160.9,16.49,0.102486016159105,5.0,0.0501975391712247,SC,sao ludgero,2017-10-13 14:29:05,computers_accessories,1.0,97.381495168733,100.0,92.5,96.8,97.4,100.0,54,PREFERRED,1
fd312b6bf05efac6c3772d5b52205d8a,2,0.0,6.378287037037037,0.0,59.35,22.81,0.3842386335890433,5.0,0.0352913777207537,SP,votorantim,2017-06-26 16:04:07,health_beauty,1.0,97.3607308339703,100.0,95.3,97.3,89.4,100.0,55,PREFERRED,1
385799a1cddbd26dfeb9157356a42282,4,0.0,8.503075810185186,0.0,137.985,18.695,0.1420806609414067,4.75,0.0273742600223799,SP,sao paulo,2017-09-09 16:16:29,sports_leisure,1.0,97.3207800428262,100.0,96.8,96.1,96.3,93.8,56,PREFERRED,1
3606774ec64634822d78dc2db6d37045,1,0.0,15.816574074074074,0.0,179.9,16.37,0.0909949972206781,5.0,0.0379451584735511,SP,sao caetano do sul,2016-10-04 23:39:01,garden_tools,1.0,97.31524171811613,100.0,94.8,92.3,97.7,100.0,57,PREFERRED,1
d36b07fd3c5088e477a72d1fccfe29d4,1,0.0,13.235810185185183,0.0,328.9,10.96,0.0333231985405898,5.0,0.045826713149637,SP,itapetininga,2017-05-06 11:20:18,garden_tools,1.0,97.30646776382504,100.0,93.3,93.6,99.4,100.0,58,PREFERRED,1
a478c7961d6a992065b24e63b366f90b,8,0.0,9.856011284722223,0.0,160.1875,21.2575,0.2211131560583861,4.875,0.0308032495834653,SC,blumenau,2018-02-21 02:17:40,home_construction,1.0,97.2933929998909,100.0,96.2,95.4,94.0,96.9,59,PREFERRED,1
800214c63934acd05d47e84214db8ba8,3,0.0,11.791327160493829,0.0,66.56666666666668,16.903333333333332,0.2570433316376125,5.0,0.0356389709172661,SC,jaragua do sul,2017-05-15 08:58:47,luggage_accessories,1.0,97.27460804415136,100.0,95.3,94.4,93.0,100.0,60,PREFERRED,1
f307937c1bb287c3efc2a514b94b0d1d,1,0.0,12.577673611111113,0.0,189.99,26.61,0.1400600031580609,5.0,0.041341036074966,MG,araxa,2017-06-03 23:46:04,auto,1.0,97.27083829396985,100.0,94.2,94.0,96.3,100.0,61,PREFERRED,1
5721089ba9214e80074f27d5a03fc0eb,5,0.0,7.435550925925926,0.0,49.186,13.328,0.2960573891030387,5.0,0.042008691996998,SP,sao paulo,2018-01-30 15:24:11,cool_stuff,1.0,97.20504526626098,100.0,94.0,96.7,91.9,100.0,62,PREFERRED,1
c8e135e7b21ecbc36c1153a29d2f5a06,7,0.0,8.14822585978836,0.0,166.5,14.56857142857143,0.0997888619366566,4.857142857142857,0.0412714359063961,SP,sao paulo,2017-05-28 21:29:35,health_beauty,1.0,97.20493224219672,100.0,94.2,96.3,97.5,96.4,63,PREFERRED,1
f9bbdd976532d50b7816d285a22bd01e,1,0.0,14.890231481481482,0.0,89.0,15.37,0.1726966292134831,5.0,0.036951236910718,SP,sao paulo,2017-09-14 21:21:35,sports_leisure,1.0,97.20467815272475,100.0,95.0,92.8,95.4,100.0,64,PREFERRED,1
d2572f31e9023e9850ef986a636ff9bf,1,0.0,10.130671296296295,0.0,279.0,26.69,0.0956630824372759,5.0,0.0496565444701611,MG,belo horizonte,2017-03-25 12:28:48,auto,1.0,97.19296685532876,100.0,92.6,95.3,97.6,100.0,65,PREFERRED,1
58e4b302b54937e55a678c4d15111da4,1,0.0,7.158981481481481,0.0,49.9,14.52,0.2909819639278557,5.0,0.0441921052001816,PR,colombo,2017-01-26 11:09:11,health_beauty,1.0,97.13682404920418,100.0,93.6,96.8,92.1,100.0,66,PREFERRED,1
0c7f30ae9b147eca07affbef92832a6a,5,0.0,8.54264814814815,0.0,95.9,17.522,0.232552661454714,5.0,0.045511601923582,PR,ponta grossa,2017-04-17 20:12:02,computers_accessories,1.0,97.12938616443849,100.0,93.4,96.1,93.7,100.0,67,PREFERRED,1
934ed5cd1b9c1c7382d0a94a94b9e639,1,0.0,13.12738425925926,0.0,125.85,26.62,0.2115216527612237,5.0,0.0392122915713913,PR,curitiba,2017-02-11 13:15:40,unknown,1.0,97.12634029749542,100.0,94.6,93.7,94.3,100.0,68,PREFERRED,1
2493dc3f20131696a0ecdb9948051a8d,4,0.0,9.174956597222222,0.0,126.095,17.6725,0.1491352626468541,4.75,0.0299956727527429,DF,brasilia,2017-02-07 23:15:25,cool_stuff,1.0,97.12173805530811,100.0,96.3,95.8,96.1,93.8,69,PREFERRED,1
2bd05d410a8fd26dc4184a15f4f2f588,6,0.0,10.176797839506174,0.0,219.455,33.09,0.3073668384506288,5.0,0.0389569128508493,MG,belo horizonte,2017-10-21 11:22:57,cool_stuff,1.0,97.10120934638702,100.0,94.6,95.2,91.6,100.0,70,PREFERRED,1
4450bd8327d471c4a11a83d1445b1b62,1,0.0,7.305891203703704,0.0,199.0,15.56,0.0781909547738693,5.0,0.0582313181861514,SP,cotia,2017-04-11 06:33:17,health_beauty,1.0,97.05630787613484,100.0,90.9,96.8,98.1,100.0,71,PREFERRED,1
5f06030071324cc52bf0304014ac7234,3,0.0,11.1438387345679,0.0,195.99,22.070000000000004,0.1126077861115363,4.666666666666667,0.0237974063131788,SP,marilia,2017-08-26 11:01:38,bed_bath_table,1.0,97.05331833628364,100.0,97.5,94.7,97.1,91.7,72,PREFERRED,1
2addf05f476d0637864454e93ba673d5,12,0.0,10.398473186728395,0.0,379.3333333333333,27.136666666666667,0.0876349458697302,5.0,0.0526056640766416,DF,brasilia,2018-03-18 20:29:14,computers_accessories,1.0,97.05315251197676,100.0,92.0,95.1,97.8,100.0,73,PREFERRED,0
bfd938b22bc99bce1ae60dc602889f52,4,0.0,11.562456597222225,0.0,155.85,25.1175,0.2785903595214204,5.0,0.0393912298194083,RJ,rio de janeiro,2017-04-03 07:55:19,health_beauty,1.0,97.0518801928484,100.0,94.5,94.5,92.4,100.0,74,PREFERRED,1
5962468f885ea01a1b6a97a218797b0a,6,0.0,10.914812885802467,0.0,112.33333333333331,15.29,0.1915866460161762,4.666666666666667,0.0207728484850795,PR,curitiba,2017-10-18 23:24:26,stationery,1.0,96.99232982289084,100.0,98.1,94.9,94.9,91.7,75,PREFERRED,1
71dc18fd8cbf5fd77f45dd8b427abb34,4,0.0,10.731825810185184,0.0,270.0,37.35,0.1432291666666666,5.0,0.050058411534419,PR,curitiba,2017-12-13 23:56:00,garden_tools,1.0,96.99093620123143,100.0,92.5,95.0,96.2,100.0,76,PREFERRED,1
59de1d4c8c057c2a53acd4ca66531af2,1,0.0,18.68167824074074,0.0,135.0,21.75,0.1611111111111111,5.0,0.0359245602378921,PR,curitiba,2017-11-10 07:56:18,computers_accessories,1.0,96.98527694650932,100.0,95.2,90.7,95.7,100.0,77,PREFERRED,1
1f7fd2a6fcd5a6fa5d8a4dabc72aaae0,3,0.0,7.109780092592593,0.0,177.26666666666665,33.626666666666665,0.1919913867355727,5.0,0.0535289637351966,RS,venancio aires,2018-05-07 09:12:36,housewares,1.0,96.97427901479088,100.0,91.8,96.9,94.9,100.0,78,PREFERRED,1
f8e2c1b59cd4225a3e4fd0d013a76b93,2,0.0,10.010943287037035,0.0,109.9,22.315,0.2392818409343715,5.0,0.046051522048163,SP,ribeirao preto,2017-12-31 02:09:21,furniture_decor,1.0,96.9676735281588,100.0,93.3,95.3,93.5,100.0,79,PREFERRED,1
166e8f1381e09651983c38b1f6f91c11,2,0.0,14.728483796296295,0.0,39.4,15.1,0.383310461243082,5.0,0.0306654895069449,SC,imbituba,2017-08-21 00:27:44,unknown,1.0,96.92105873031718,100.0,96.2,92.8,89.4,100.0,80,PREFERRED,1
1b61fb1f0f2185d89e9a126c498e9cc7,1,0.0,11.358564814814814,0.0,49.7,16.11,0.3241448692152917,5.0,0.0397838115776343,PR,maringa,2017-06-23 07:15:39,furniture_decor,1.0,96.92001404367676,100.0,94.5,94.6,91.1,100.0,81,PREFERRED,1
42fb44130ac3134cde8e35cf8ec7df25,2,0.0,5.903657407407408,0.0,21.9,12.74,0.581513355007331,5.0,0.0335985536322853,SP,pinhalzinho,2017-03-23 16:19:43,fashion_bags_accessories,1.0,96.91977965971508,100.0,95.6,97.5,83.8,100.0,82,PREFERRED,1
c8771b1a10bb99bb34d3c459c5cffb53,1,0.0,6.815891203703703,0.0,64.9,31.2,0.4807395993836671,5.0,0.0383467571165503,SP,tocantins,2017-05-30 16:14:58,toys,1.0,96.90570555820484,100.0,94.7,97.0,86.7,100.0,83,PREFERRED,1
052577151711aec5c744fe12e66db3e1,1,0.0,14.03383101851852,0.0,687.0,42.65,0.0620815138282387,5.0,0.051341349442197,SC,rodeio,2017-10-26 18:35:40,small_appliances,1.0,96.89718458126828,100.0,92.2,93.2,98.5,100.0,84,PREFERRED,1
e4fc40017a6d22c46a14ac2e17f87c3e,1,0.0,10.291921296296296,0.0,129.0,41.29,0.3200775193798449,5.0,0.0423642140414422,PR,arapongas,2017-05-30 15:55:30,furniture_bedroom,1.0,96.8927321816098,100.0,94.0,95.2,91.2,100.0,85,PREFERRED,1
7bb8fac2913a6064ec412e583c6d8b4d,1,0.0,4.895717592592592,0.0,109.0,16.52,0.1515596330275229,5.0,0.0614835832976838,SP,bauru,2018-02-02 13:40:38,unknown,1.0,96.88392543290172,100.0,90.3,98.0,96.0,100.0,86,PREFERRED,1
b3e2faf2c1004d674f16a3aa3197f0e1,3,0.0,6.792133487654321,0.0,20.49,11.256666666666668,0.6029675244210614,5.0,0.0316665060641578,SP,ribeirao preto,2017-05-10 10:34:13,auto,1.0,96.88082542209928,100.0,96.0,97.0,83.2,100.0,87,PREFERRED,1
adbe70ab2c97442046d393988c8d1d27,5,0.0,7.185418981481481,0.0,57.9,13.03,0.2283087042197918,5.0,0.0532056940429799,SP,maua,2017-10-12 16:51:36,garden_tools,1.0,96.88069738673896,100.0,91.9,96.8,93.8,100.0,88,PREFERRED,1
23ca5f678e0b3ea6c630b30fa8bf51ea,6,0.0,7.270869984567901,0.0,30.5,16.065,0.4826543209876544,5.0,0.0382555735667672,SP,sao paulo,2017-05-04 23:14:03,home_appliances,1.0,96.86846450757156,100.0,94.8,96.8,86.6,100.0,89,PREFERRED,1
7fe21dd00d2f4943ae09525efa2fd674,2,0.0,7.602222222222222,0.0,84.9,9.605,0.1146162263452229,5.0,0.0596439229405715,RJ,rio de janeiro,2017-07-02 00:25:04,fashion_bags_accessories,1.0,96.8617007392966,100.0,90.7,96.6,97.1,100.0,90,PREFERRED,1
bac44fa8e13424950488659b5f765c41,1,0.0,8.709305555555556,0.0,19.9,14.52,0.7296482412060302,5.0,0.0219425050608827,SP,sao paulo,2016-10-04 22:43:33,furniture_decor,1.0,96.8348169554558,100.0,97.9,96.0,79.6,100.0,91,PREFERRED,1
bee36b4f9a2b9fdcaff6ec05df202ed0,1,0.0,13.397164351851853,0.0,16.9,10.96,0.6485207100591717,5.0,0.0190975882998463,SP,sao paulo,2017-02-11 17:06:41,computers_accessories,1.0,96.82859400700669,100.0,98.4,93.5,81.9,100.0,92,PREFERRED,1
2fb25ab44bdbeae6a4d816e0d0c9d500,5,0.0,8.520905092592592,0.0,136.616,15.642,0.1538825287127627,4.8,0.0408357900733361,RJ,volta redonda,2018-06-22 21:40:54,small_appliances,1.0,96.82838744007312,100.0,94.3,96.1,95.9,95.0,93,PREFERRED,1
79ed755314cfe6df0daef2c6cd3022cd,23,0.0,9.259990942028988,0.0,169.8913043478261,19.963478260869568,0.1211195575040245,4.727272727272728,0.0360274076837221,SP,rio claro,2018-08-08 20:06:57,garden_tools,1.0,96.82024872584655,100.0,95.2,95.7,96.9,93.2,94,PREFERRED,0
baeda7047354773262ba2405f97038ba,1,0.0,23.47927083333333,0.0,35.0,15.1,0.4314285714285714,5.0,0.0154316087491653,SP,americana,2017-09-30 07:55:03,pet_shop,1.0,96.81862090057597,100.0,99.1,88.2,88.1,100.0,95,PREFERRED,1
782f78b632a43875dd5b53e3e49c9564,1,0.0,9.88162037037037,0.0,97.34,32.22,0.3310047257037189,5.0,0.0440874977497186,SP,campinas,2017-06-19 16:56:09,furniture_decor,1.0,96.81178055262414,100.0,93.6,95.4,90.9,100.0,96,PREFERRED,1
0ee4fb99ac55ffbbc98795aa01b7f8fa,1,0.0,6.882916666666667,0.0,59.9,11.03,0.1841402337228714,5.0,0.0577922704612741,SP,santana de parnaiba,2017-05-01 10:30:43,furniture_decor,1.0,96.81032771806343,100.0,91.0,97.0,95.1,100.0,97,PREFERRED,1
8a87611c08849ffeeccab52aa798b6c7,6,0.0,8.858441358024692,0.0,119.14833333333333,21.59166666666667,0.2124686953637976,4.666666666666667,0.0270941051555131,PR,curitiba,2017-02-10 10:19:10,garden_tools,1.0,96.79370963694608,100.0,96.9,95.9,94.3,91.7,98,PREFERRED,1
570d4583587a5fe2d47c7be89b91ad27,2,0.0,5.748657407407407,0.0,62.625,11.835,0.2260794144343384,5.0,0.0575815689765414,SP,sao paulo,2017-07-05 21:55:49,health_beauty,1.0,96.79160197194142,100.0,91.1,97.6,93.9,100.0,99,PREFERRED,1
c04d70d515d15a7e3db3a73320598566,3,0.0,6.294768518518519,0.0,52.73333333333333,18.87333333333333,0.3351606288448394,5.0,0.0503877295672905,RJ,niteroi,2017-11-13 10:38:36,unknown,1.0,96.78332358570356,100.0,92.4,97.3,90.8,100.0,100,PREFERRED,1
78ef7e885d17f35e2382a47aae8b8cce,3,0.0,8.66204861111111,0.0,129.33333333333334,21.813333333333333,0.2872486752420383,4.666666666666667,0.0243405524293836,RS,santa cruz do sul,2017-07-28 10:05:46,books_technical,1.0,96.72905665025516,100.0,97.4,96.1,92.2,91.7,101,PREFERRED,1
3ded4e2d5f135cb103e5949d7263d2dd,1,0.0,5.149016203703703,0.0,49.9,12.48,0.2501002004008016,5.0,0.0588092463602692,MG,pouso alegre,2018-02-15 15:37:34,computers_accessories,1.0,96.71229625389158,100.0,90.8,97.9,93.2,100.0,102,PREFERRED,1
422be4cc81a457fdb46f47edeb968ae5,1,0.0,18.136979166666663,0.0,239.9,77.47,0.3229262192580241,5.0,0.0329983267590806,SP,ibitinga,2017-01-26 16:20:32,furniture_decor,1.0,96.70961618990722,100.0,95.8,91.0,91.1,100.0,103,PREFERRED,1
2063dd1b9f568df1c16741ea7d3e6adb,3,0.0,12.651215277777778,0.0,254.36666666666667,19.05666666666667,0.0846127495359539,5.0,0.0562309214340066,PR,guarapuava,2017-11-15 21:27:34,furniture_decor,1.0,96.70890900595384,100.0,91.3,93.9,97.9,100.0,104,PREFERRED,1
ef9952469137ff190bacafe117f51537,5,0.0,10.250847222222225,0.0,200.532,16.788,0.0838597507968704,4.8,0.0446792056600223,MG,uberaba,2017-05-30 15:57:13,furniture_decor,1.0,96.70538552428344,100.0,93.5,95.2,97.9,95.0,105,PREFERRED,1
a9ae440659f48b7849df83e82734150b,1,0.0,13.342361111111112,0.0,285.0,27.02,0.0948070175438596,5.0,0.0545889524607857,SP,santo andre,2017-10-13 13:10:42,auto,1.0,96.7036982321066,100.0,91.6,93.6,97.6,100.0,106,PREFERRED,1
b77a27b1864483e721dc831d5ba4afa0,1,0.0,8.473414351851853,0.0,20.9,14.52,0.6947368421052632,5.0,0.0283206216062595,RJ,duque de caxias,2017-03-30 06:24:14,auto,1.0,96.64704396173973,100.0,96.7,96.2,80.6,100.0,107,PREFERRED,1
bf961104a38e01b9062ee026bb657dee,4,0.0,9.05714988425926,0.0,146.39,19.975,0.1364505772252203,4.5,0.0214691748596189,SP,ribeirao preto,2017-02-09 19:08:19,cool_stuff,1.0,96.63813199982836,100.0,98.0,95.8,96.4,87.5,108,PREFERRED,1
5bffbafbb22daf6d3bfc216a46db8708,21,0.0,8.653910383597884,0.0,249.5095238095238,21.642857142857142,0.249713741290194,4.761904761904762,0.0359660710845109,RJ,nilopolis,2017-06-25 23:06:20,computers_accessories,1.0,96.6363420250456,100.0,95.2,96.1,93.2,94.0,109,PREFERRED,0
0b46f784306be7200ca1700aa55d819f,1,0.0,3.243657407407408,0.0,19.9,10.96,0.5507537688442212,5.0,0.0463487485818971,MG,belo horizonte,2017-03-19 08:36:36,auto,1.0,96.6076660022546,100.0,93.2,98.9,84.7,100.0,110,PREFERRED,1
79b93a308a97792cf53ac75f46da00b5,1,0.0,22.51516203703704,0.0,99.9,16.14,0.1615615615615615,5.0,0.038066939572389,RJ,rio de janeiro,2017-07-23 10:07:01,luggage_accessories,1.0,96.57653957718362,100.0,94.8,88.7,95.7,100.0,111,PREFERRED,1
63272377184e969942f7fff221be858d,2,0.0,12.299733796296296,0.0,74.85,33.265,0.4408502479374402,5.0,0.0407051967657327,SP,sao paulo,2017-05-18 22:42:50,housewares,1.0,96.4698621847221,100.0,94.3,94.1,87.8,100.0,112,PREFERRED,1
c9d2ba8dde44a275ae06475ed1d2fafc,1,0.0,8.417430555555555,0.0,28.79,14.52,0.5043417853421327,5.0,0.0436138961013692,MG,uberlandia,2017-02-06 00:33:42,auto,1.0,96.45902214938168,100.0,93.7,96.2,86.0,100.0,113,PREFERRED,1
75fdd0a732287f9497b179f6bd445d32,1,0.0,10.883761574074072,0.0,59.9,16.18,0.2701168614357262,5.0,0.0536245610189965,SP,maua,2017-09-19 00:19:17,unknown,1.0,96.44792530862708,100.0,91.8,94.9,92.6,100.0,114,PREFERRED,1
51e0557bc7b86de13e946c60ee91ce39,1,0.0,10.434085648148148,0.0,45.8,17.6,0.3842794759825328,5.0,0.0477635850316007,MG,belo horizonte,2017-05-14 01:23:01,health_beauty,1.0,96.4405436197802,100.0,92.9,95.1,89.4,100.0,115,PREFERRED,1
f8d5c7085db9a4ad2b8c1ffbeb2798c8,6,0.0,12.526377314814814,0.0,43.833333333333336,16.735,0.4616701263105437,5.0,0.039712247340045,SP,sao paulo,2018-02-05 19:51:29,fashion_bags_accessories,1.0,96.44033676497676,100.0,94.5,94.0,87.2,100.0,116,PREFERRED,1
24c1de8d9551c0b4fbc53317d53efda8,1,0.0,12.779282407407408,0.0,355.0,57.12,0.1609014084507042,5.0,0.0576244399879845,PB,serra redonda,2017-02-01 18:41:32,sports_leisure,1.0,96.41547666541666,100.0,91.0,93.9,95.7,100.0,117,PREFERRED,1
f3511c85f59f8dec53d140501ee8e7a8,1,0.0,1.9164930555555555,0.0,69.9,8.11,0.1160228898426323,5.0,0.0783576962195889,PR,curitiba,2017-08-13 20:03:35,health_beauty,1.0,96.4131599679956,100.0,87.1,99.6,97.0,100.0,118,PREFERRED,1
9e94fa26a70ede4d26226e918e8706a2,1,0.0,5.644328703703704,0.0,62.8,9.94,0.15828025477707,5.0,0.0697253796810901,SP,sao carlos,2017-08-04 03:06:27,housewares,1.0,96.41043945490316,100.0,88.7,97.7,95.8,100.0,119,PREFERRED,1
e72b4feb7abe210c52aa667abc25a3a2,1,0.0,4.149236111111111,0.0,38.2,17.44,0.456544502617801,5.0,0.0546705759785498,SP,sao paulo,2017-06-17 11:54:02,bed_bath_table,1.0,96.404269439484,100.0,91.6,98.4,87.4,100.0,120,PREFERRED,1
a3b0df0065e264a91b7bbf5f844af5cd,2,0.0,13.619450231481482,0.0,93.345,16.03,0.1947108333672933,5.0,0.0546348622207484,SP,sao bernardo do capo,2017-09-23 17:59:17,auto,1.0,96.39597319022911,100.0,91.6,93.4,94.8,100.0,121,PREFERRED,1
9fe7c6641c79970ab48185498f547c09,1,0.0,17.920046296296295,0.0,130.0,34.71,0.267,5.0,0.0436040905706451,SP,sao paulo,2017-07-10 20:58:17,luggage_accessories,1.0,96.37740852894564,100.0,93.7,91.1,92.7,100.0,122,PREFERRED,1
ff4ea69c2a729e83e63c7579e4ef8170,8,0.0,11.463975694444445,0.0,796.0,19.9775,0.0255053636122776,5.0,0.0686815726425233,SP,guarulhos,2017-05-22 18:54:48,small_appliances,1.0,96.37448568466756,100.0,88.9,94.6,99.6,100.0,123,PREFERRED,1
11d4c477d09821164bca4f70a2eae031,3,0.0,6.984386574074073,0.0,27.680000000000003,19.27333333333333,0.7956541638061951,5.0,0.0308525647198048,SP,ribeirao preto,2017-08-28 20:47:42,costruction_tools_garden,1.0,96.35775789020204,100.0,96.2,96.9,77.7,100.0,124,PREFERRED,1
aae5953b9edddf14749c0d65d60eb4b9,2,0.0,12.825434027777778,0.0,86.5,14.95,0.3578966063956057,5.0,0.0474922471132241,MG,belo horizonte,2017-10-18 21:52:56,furniture_decor,1.0,96.33826725851377,100.0,93.0,93.8,90.2,100.0,125,PREFERRED,1
e627629ba868740e287800f1a9be81c2,10,0.0,6.485719907407408,0.0,31.72,10.88,0.4104599450761262,4.9,0.0473398951790198,SP,sao paulo,2017-07-13 12:39:36,food_drink,1.0,96.32549808098186,100.0,93.0,97.2,88.7,97.5,126,PREFERRED,0
8132b9bd16876e1b0f8808d43825dd48,1,0.0,16.81113425925926,0.0,77.9,21.0,0.269576379974326,5.0,0.0467323496471656,SC,florianopolis,2017-05-05 18:20:43,sports_leisure,1.0,96.30838532120283,100.0,93.1,91.7,92.7,100.0,127,PREFERRED,1
e76ecc7e9a1a1e3c6df9d2a8261c423d,1,0.0,12.457060185185185,0.0,20.0,14.1,0.705,5.0,0.0285057289767822,MG,belo horizonte,2017-08-13 10:23:44,books_general_interest,1.0,96.29230085101165,100.0,96.6,94.0,80.3,100.0,128,PREFERRED,1
a35124e2d763d7ca3fbe3b97d143200f,4,0.0,10.707777777777778,0.0,102.875,19.7225,0.2332091721559177,4.75,0.0401122392448539,SP,sao paulo,2017-05-08 20:58:10,garden_tools,1.0,96.27656863706594,100.0,94.4,95.0,93.7,93.8,129,PREFERRED,1
1c83418358f249c9d6affa52d579db0e,1,0.0,10.189027777777778,0.0,24.9,14.52,0.5831325301204819,5.0,0.0402062337270373,SP,sao paulo,2017-04-29 06:54:41,music,1.0,96.25784816565718,100.0,94.4,95.2,83.8,100.0,130,PREFERRED,1
f0e103c63864d5405b958d984b6e94c9,11,0.0,8.819280303030304,0.0,86.51818181818182,13.61,0.2507991338309268,4.727272727272728,0.0408553035473956,SP,osasco,2017-08-26 00:59:30,unknown,1.0,96.2559840344684,100.0,94.3,96.0,93.2,93.2,131,PREFERRED,0
baf15155e37ef5492731459bdc05be8a,1,0.0,33.05329861111111,0.0,47.0,8.72,0.185531914893617,5.0,0.0258620837501844,SP,sao paulo,2017-03-16 11:18:01,bed_bath_table,1.0,96.25537749497347,100.0,97.1,83.1,95.0,100.0,132,PREFERRED,1
491a5ada3aa1678414e990262c4bbdc1,1,0.0,6.891527777777778,0.0,1420.0,15.58,0.0109718309859154,5.0,0.0797206144550676,SP,sao paulo,2017-04-05 09:55:00,dvds_blu_ray,1.0,96.25037883075338,100.0,86.8,97.0,100.0,100.0,133,PREFERRED,1
3ea00e1dea2b0659dbaf654735929220,7,0.0,11.446294642857143,0.0,72.14285714285714,20.71,0.3055151515151516,4.857142857142857,0.0436562699619757,PR,curitiba,2018-03-14 23:13:24,cool_stuff,1.0,96.2446470084546,100.0,93.7,94.6,91.6,96.4,134,PREFERRED,1
c0e6839516f5398edc34adf5f1d53d1a,1,0.0,5.102037037037037,0.0,34.92,14.12,0.404352806414662,5.0,0.0601007982196501,SP,guaruja,2017-05-06 10:58:50,sports_leisure,1.0,96.21643256711006,100.0,90.6,97.9,88.8,100.0,135,PREFERRED,1
83e197e95a1bbabc8c75e883ed016c47,46,0.0217391304347826,10.44315619967794,12.40986111111111,142.91717391304348,20.898478260869563,0.1459251218558457,4.804347826086956,0.0360242095789371,RJ,mage,2018-02-27 19:17:20,books_general_interest,0.9782608695652174,96.18409748339904,97.8,95.2,95.1,96.2,95.1,136,PREFERRED,0
19a7c9f66ffa6452ff4b4c0cca71da27,1,0.0,25.18634259259259,0.0,279.0,59.74,0.2141218637992831,5.0,0.0389382553986818,PR,itaipulandia,2017-09-30 16:14:28,furniture_decor,1.0,96.1732507494076,100.0,94.6,87.3,94.2,100.0,137,PREFERRED,1
9fbd5666d8618fa571c4230fafa09bd6,1,0.0,13.122824074074074,0.0,79.9,16.81,0.2103879849812265,5.0,0.059772403602595,SP,sao paulo,2017-08-30 18:44:19,auto,1.0,96.14481870406485,100.0,90.6,93.7,94.3,100.0,138,PREFERRED,1
0eaa7e33d73809f1f925f7d07c506cbd,15,0.0,5.903765432098766,0.0,103.46666666666668,12.993333333333334,0.1528283380920957,4.714285714285714,0.0528109480989677,SP,santo andre,2018-08-27 17:01:43,toys,1.0,96.14427791630236,100.0,92.0,97.5,96.0,92.9,139,PREFERRED,0
4aba6a02a788d3ec81c03137144d9a80,1,0.0,13.221458333333333,0.0,89.9,15.38,0.1710789766407119,5.0,0.0619568145023522,SC,canoinhas,2018-01-16 14:09:55,health_beauty,1.0,96.14385953455977,100.0,90.2,93.6,95.5,100.0,140,PREFERRED,1
41c2bad7229b0c25e6becf179ebf63ff,20,0.0,4.69347974537037,0.0,39.1,9.496,0.2428088235294117,4.95,0.0680210011586276,RN,natal,2018-07-20 21:11:30,books_general_interest,1.0,96.14034284772804,100.0,89.0,98.2,93.4,98.8,141,PREFERRED,0
48efc9d94a9834137efd9ea76b065a38,33,0.0,10.793470468574634,0.0,10.472727272727273,9.70909090909091,0.9713753116683282,5.0,0.0187020838768753,PR,curitiba,2017-01-26 10:00:37,fashion_bags_accessories,1.0,96.13841860832731,100.0,98.5,94.9,72.7,100.0,142,PREFERRED,0
638cba8be1fb599bbb76fd6948351eb3,16,0.0,8.141051070601852,0.0,33.4625,16.766875,0.539002861854614,4.6875,0.0243905339670929,SP,sao jose dos campos,2017-09-28 15:30:58,sports_leisure,1.0,96.1318195930468,100.0,97.4,96.3,85.0,92.2,143,PREFERRED,0
918717417d88a9f9ae9735567e6c7682,4,0.0,8.146559606481482,0.0,86.42500000000001,10.88,0.2734587940521952,5.0,0.0647896142055399,SP,sao paulo,2018-02-27 22:08:50,health_beauty,1.0,96.12113086073772,100.0,89.7,96.3,92.6,100.0,144,PREFERRED,1
e7f3bf1ecd8526eb7f3b18059e6716e5,17,0.0,8.975147739651415,0.0,86.58470588235295,16.50294117647059,0.265602247392222,4.647058823529412,0.0363069299987582,SP,ubatuba,2017-09-19 00:03:56,toys,1.0,96.1187094352385,100.0,95.1,95.9,92.8,91.2,145,PREFERRED,0
6f835fd4be26989b1b064399da346143,2,0.0,6.953078703703703,0.0,98.9,15.725,0.1590075775469033,5.0,0.0736202531716346,PR,curitiba,2018-06-18 22:59:35,health_beauty,1.0,96.11769731564918,100.0,88.0,97.0,95.8,100.0,146,PREFERRED,1
8936ba0de1073ee888cb3185ae5dc661,1,0.0,13.190671296296296,0.0,389.99,22.22,0.0569758198928177,5.0,0.0695756640865067,SP,sao paulo,2017-04-05 08:53:24,garden_tools,1.0,96.10505005276558,100.0,88.8,93.7,98.7,100.0,147,PREFERRED,1
fe19dce63ae80346207c6c55713d1023,1,0.0,7.0012384259259255,0.0,49.9,21.82,0.4372745490981964,5.0,0.0574620353024392,MG,uberaba,2017-01-31 15:39:27,health_beauty,1.0,96.09843269009352,100.0,91.1,96.9,87.9,100.0,148,PREFERRED,1
eae9af4811c294c56795d70e715b7337,1,0.0,2.8439467592592598,0.0,25.8,15.56,0.6031007751937983,5.0,0.054557994703718,SP,sao paulo,2017-10-17 01:24:28,unknown,1.0,96.09757359014854,100.0,91.6,99.1,83.2,100.0,149,PREFERRED,1
21e83881401b92b49fb09a16d3852291,12,0.0,10.948888888888888,0.0,259.0883333333333,41.41916666666666,0.1758617238010663,4.833333333333333,0.0546617695900526,MG,uberlandia,2018-01-29 16:16:23,garden_tools,1.0,96.03551505537148,100.0,91.6,94.8,95.3,95.8,150,PREFERRED,0
0ade5cc4a305ed7093a23f68ca47519c,2,0.0,6.875769675925927,0.0,79.44,21.195,0.2665138406935057,5.0,0.0691788847434849,PR,curitiba,2018-01-21 14:20:45,auto,1.0,96.031578215227,100.0,88.8,97.0,92.7,100.0,151,PREFERRED,1
2fdde51ad3e12f297da656d4fbd5d0b5,9,0.0,15.266977880658438,0.0,644.7777777777778,61.32444444444444,0.1048985059446688,4.777777777777778,0.047642038221157,SC,joinville,2017-10-16 17:03:04,garden_tools,1.0,96.0215461126904,100.0,93.0,92.6,97.3,94.4,152,PREFERRED,1
6179a28a13a726c29b3bf54c070dccab,1,0.0,25.23008101851852,0.0,300.0,61.27,0.2042333333333333,5.0,0.0428064703327767,MG,varginha,2017-07-06 17:11:14,luggage_accessories,1.0,96.0124946619723,100.0,93.9,87.3,94.5,100.0,153,PREFERRED,1
dd264199fc8b687ad029de7de6d760e6,1,0.0,18.080567129629628,0.0,87.9,20.7,0.235494880546075,5.0,0.0530132502991419,PR,cascavel,2017-01-19 11:47:55,auto,1.0,96.00322281697608,100.0,91.9,91.1,93.6,100.0,154,PREFERRED,1
65c255b299faf2d12050937cc219c46c,2,0.0,7.089606481481482,0.0,44.1,10.94,0.2480725623582766,4.5,0.0317522400671105,SP,sao paulo,2017-08-31 17:20:46,perfumery,1.0,95.98513659818474,100.0,96.0,96.9,93.3,87.5,155,PREFERRED,1
7a704e63bb29c446869efde5d57524c8,1,0.0,7.512939814814815,0.0,94.49,15.41,0.1630860408508837,5.0,0.0753588900158577,PR,francisco beltrao,2018-01-25 14:19:53,auto,1.0,95.97830422961644,100.0,87.6,96.7,95.7,100.0,156,PREFERRED,1
0a82f5fb06a4fe4ac2cf7cb412ec71b8,2,0.0,5.281736111111111,0.0,231.0,11.4,0.0496377696377696,5.0,0.085953188484851,SP,sao paulo,2018-03-31 12:09:05,construction_tools_construction,1.0,95.9700342583534,100.0,85.6,97.8,98.9,100.0,157,PREFERRED,1
b05b432bf68945d4d9783f9e3ca29ee8,2,0.0,5.414924768518519,0.0,112.4,13.045,0.127171607952253,4.5,0.0422521814487283,SP,birigui,2017-09-12 17:49:55,health_beauty,1.0,95.95828517689908,100.0,94.0,97.8,96.7,87.5,158,PREFERRED,1
0f519b0d2e5eb2227c93dd25038bfc01,1,0.0,12.271921296296297,0.0,79.9,23.0,0.2878598247809762,5.0,0.0614944872909821,SP,ibitinga,2017-01-27 12:10:46,furniture_decor,1.0,95.91012687622658,100.0,90.3,94.1,92.1,100.0,159,PREFERRED,1
3d39fbf22a665714baf62fae36029e23,8,0.0,8.57480179398148,0.0,313.025,16.32875,0.0822116355784471,4.75,0.0606050748369128,SP,campinas,2017-11-25 00:10:03,sports_leisure,1.0,95.89276964626272,100.0,90.5,96.1,98.0,93.8,160,PREFERRED,1
822b63912576852aea9a8436d72317b7,6,0.0,23.30033179012345,0.0,577.6550000000001,24.89,0.0692846232673262,4.833333333333333,0.044723394245796,SP,mogi guacu,2017-01-24 12:18:07,consoles_games,1.0,95.83202713668872,100.0,93.5,88.3,98.3,95.8,161,PREFERRED,1
458d868c9642f55f18f04e951a3fdde6,2,0.0,17.610983796296296,0.0,1359.0,52.375,0.0385393671817512,5.0,0.0692034165884507,RS,porto alegre,2017-08-01 10:25:49,health_beauty,1.0,95.8237308265805,100.0,88.8,91.3,99.2,100.0,162,PREFERRED,1
5305693ffae2d3463377b1f6fe67b15a,1,0.0,13.373368055555556,0.0,93.56,12.99,0.1388413852073535,5.0,0.0703150191685707,SP,penapolis,2018-01-02 10:35:07,unknown,1.0,95.82279166361874,100.0,88.6,93.6,96.4,100.0,163,PREFERRED,1
a35ef466c6fd6d052f5d241240d3c5e2,3,0.0,11.83108024691358,0.0,189.96666666666667,26.55,0.2784770282823535,4.666666666666667,0.0385247219448214,RS,novo hamburgo,2017-09-30 18:38:46,sports_leisure,1.0,95.82235996410522,100.0,94.7,94.4,92.4,91.7,164,PREFERRED,1
13e85aac53340018b40c2af68001b7e0,1,0.0,17.718125,0.0,17.8,14.12,0.793258426966292,5.0,0.0248619009260094,SP,pedreira,2016-10-08 22:41:36,furniture_decor,1.0,95.79811906808868,100.0,97.3,91.3,77.8,100.0,165,PREFERRED,1
c03121937e54a93fcc1825c3098bbb6e,7,0.0,11.15910052910053,0.0,149.0,22.134285714285717,0.1485522531160115,5.0,0.074010220193409,PR,curitiba,2018-05-03 20:52:38,books_general_interest,1.0,95.79424903724453,100.0,87.9,94.7,96.1,100.0,166,PREFERRED,1
bf100ecb7997df312b285358fb32f92c,20,0.0,9.656619212962962,0.0,99.595,17.2555,0.2251757078707091,4.444444444444445,0.0288459194484442,PR,sao jose dos pinhais,2018-02-04 20:43:44,cool_stuff,1.0,95.77691771886371,100.0,96.6,95.5,93.9,86.1,167,PREFERRED,0
db46ca7bce82b11f7e247539271fc390,16,0.0,8.149848090277777,0.0,67.653125,16.106875,0.3778342323028663,4.5625,0.0316989834522395,RJ,rio de janeiro,2017-07-05 09:08:28,pet_shop,1.0,95.76954083455392,100.0,96.0,96.3,89.6,89.1,168,PREFERRED,0
3faf68a3b0af94b10bac70d86077be49,7,0.0,16.159052579365078,0.0,188.99,17.02285714285714,0.090072792967126,4.571428571428571,0.0362455481951256,SP,holambra,2017-05-02 06:29:43,unknown,1.0,95.76491815530451,100.0,95.1,92.1,97.8,89.3,169,PREFERRED,1
a99504ac23ed125aaf5302af6cc30af9,1,0.0,16.25554398148148,0.0,978.0,47.24,0.0483026584867075,5.0,0.0723878440039567,SP,batatais,2017-10-14 14:45:58,home_construction,1.0,95.75122449187728,100.0,88.2,92.0,98.9,100.0,170,PREFERRED,1
52b53f7061969fe471d119b6195da864,1,0.0,3.333136574074074,0.0,90.0,8.37,0.0929999999999999,5.0,0.0912590818631367,SP,itajai,2017-08-28 13:15:21,perfumery,1.0,95.74770299834042,100.0,84.6,98.9,97.7,100.0,171,PREFERRED,1
365e445f796710c3431557e85caa25db,4,0.0,8.38683449074074,0.0,278.75,19.825,0.0704279415242376,4.5,0.0453290820040567,SP,sao paulo,2017-06-16 13:35:23,cool_stuff,1.0,95.7355755734775,100.0,93.4,96.2,98.3,87.5,172,PREFERRED,1
4a82c4af97ffc0fb2dc26bfdc03b1842,3,0.0,12.739297839506174,0.0,47.9,22.4,0.527286835990442,5.0,0.0505982760129073,MG,lagoa da prata,2017-08-15 14:31:33,unknown,1.0,95.71562416272744,100.0,92.4,93.9,85.3,100.0,173,PREFERRED,1
010543a62bd80aa422851e79a3bc7540,2,0.0,9.08508101851852,0.0,708.0,15.975,0.0225635593220338,4.5,0.0478028789645534,SP,sao paulo,2017-08-02 13:49:39,computers_accessories,1.0,95.69735142093188,100.0,92.9,95.8,99.7,87.5,174,PREFERRED,1
4cc4fd4fdd406a85bbdc1f824b731bd7,1,0.0,8.304594907407408,0.0,539.98,31.24,0.0578539945923923,5.0,0.0862166424395389,PR,toledo,2018-02-26 12:08:58,auto,1.0,95.69374063694993,100.0,85.6,96.2,98.7,100.0,175,PREFERRED,1
119d1aef1b4144adba89163f6cd9f5d4,4,0.0,4.477740162037037,0.0,273.5,51.06,0.1859950543383795,4.75,0.065495085600391,SP,pedreira,2017-11-17 19:46:19,furniture_decor,1.0,95.6897399022517,100.0,89.5,98.3,95.0,93.8,176,PREFERRED,1
52092ddbd3a58c450a4459bf051b2287,5,0.0,10.308233796296296,0.0,60.17,14.944,0.3526408663469794,5.0,0.0663008597824177,SP,dois corregos,2018-03-27 15:40:33,sports_leisure,1.0,95.65214961374114,100.0,89.4,95.2,90.3,100.0,177,PREFERRED,1
d94ba08b99bedd6a5f6c875ecc4a6fac,8,0.0,12.503735532407408,0.0,67.3875,20.2,0.2983514190317195,4.75,0.0463978910982181,PR,apucarana,2017-07-27 10:15:39,housewares,1.0,95.6477496128118,100.0,93.2,94.0,91.8,93.8,178,PREFERRED,1
45a3d05fb00435e52a28859dd03703b3,1,0.0,25.719780092592597,0.0,1299.0,24.79,0.0190839107005388,5.0,0.0607359794387271,SP,guarulhos,2017-02-03 18:08:16,toys,1.0,95.63988828008,100.0,90.4,87.0,99.8,100.0,179,PREFERRED,1
57a834594e1e9e9219603bfec184eadc,1,0.0,6.109594907407407,0.0,139.0,27.05,0.1946043165467626,5.0,0.082942139984375,RS,santa rosa,2018-06-03 14:21:44,pet_shop,1.0,95.63711192463064,100.0,86.2,97.4,94.8,100.0,180,PREFERRED,1
0cab2da43793a6f3c5ed8514c5f54627,3,0.0,5.005370370370371,0.0,103.23333333333336,19.066666666666663,0.1956518367118044,5.0,0.0848838961916435,PR,curitiba,2018-07-27 10:30:54,stationery,1.0,95.62890355979394,100.0,85.8,98.0,94.8,100.0,181,PREFERRED,1
f67efa3f0b6761102a7f8c6b7b571f5d,31,0.0,9.979094235364396,0.0,171.55387096774194,27.35,0.1879173397800417,4.483870967741935,0.0369338516612116,PR,curitiba,2018-04-09 10:47:49,pet_shop,1.0,95.61733408281832,100.0,95.0,95.4,95.0,87.1,182,PREFERRED,0
c113b8df1fc375bc3d73d29c1b1144d1,3,0.0,6.754810956790124,0.0,111.0,22.62333333333333,0.2020769992428213,4.333333333333333,0.0297020226307631,SP,sao paulo,2017-08-02 16:17:16,unknown,1.0,95.61550948035568,100.0,96.4,97.1,94.6,83.3,183,PREFERRED,1
933446e9a59dece7ae9175103820ca8f,1,0.0,24.027141203703703,0.0,64.99,22.38,0.3443606708724419,5.0,0.0448696158246442,PR,curitiba,2017-01-24 15:37:05,housewares,1.0,95.61165778903448,100.0,93.5,87.9,90.5,100.0,184,PREFERRED,1
b1ac6ea7895bc3dd6f0f6f4abbdd2821,38,0.0,10.18083455165692,0.0,77.94736842105263,20.32526315789474,0.2790709954135467,4.526315789473684,0.0352186266160009,RS,canoas,2017-12-15 12:52:08,sports_leisure,1.0,95.5839799461054,100.0,95.3,95.2,92.4,88.2,185,PREFERRED,0
7e26c750b4cb9f6766f58265ff9ebe95,23,0.0,9.22936191626409,0.0,58.44782608695652,16.907826086956522,0.2868739769962753,4.434782608695652,0.0293834896011601,MG,belo horizonte,2017-10-13 12:42:33,unknown,1.0,95.5738227031375,100.0,96.5,95.8,92.2,85.9,186,PREFERRED,0
186cdd1b2df32caa72cfb410bba768d3,6,0.0,8.89848572530864,0.0,223.575,44.71333333333334,0.2694379967626404,5.0,0.0756996372248367,SC,rio negrinho,2018-08-06 13:16:55,housewares,1.0,95.55001848411828,100.0,87.6,95.9,92.7,100.0,187,PREFERRED,1
585175ec331ea177fa47199e39a6170a,1,0.0,7.919513888888889,0.0,3549.0,53.47,0.0150662158354466,5.0,0.0924472117016665,MG,montes claros,2017-02-21 18:35:38,computers,1.0,95.54725010295066,100.0,84.4,96.4,99.9,100.0,188,PREFERRED,1
83a75eea11694e36e56dd0cb2240229a,3,0.0,4.093989197530864,0.0,162.33333333333334,14.156666666666666,0.0859321107175429,5.0,0.0945999643145675,SP,amparo,2018-04-18 13:43:52,unknown,1.0,95.54718935746824,100.0,84.0,98.5,97.9,100.0,189,PREFERRED,1
84c945f15571830c1a91a33978e94009,2,0.0,9.44066550925926,0.0,25.99,13.03,0.501346671796845,4.5,0.0225453394889777,SP,sao paulo,2017-05-14 08:39:56,housewares,1.0,95.52062340836174,100.0,97.8,95.6,86.1,87.5,190,PREFERRED,1
3504c0cb71d7fa48d967e0e4c94d59d9,53,0.0,7.327788478336827,0.0,44.52528301886792,13.026792452830188,0.3125018440856567,4.415094339622642,0.030762349529082,SP,maua,2017-11-06 13:48:10,cool_stuff,1.0,95.51240219811648,100.0,96.2,96.8,91.4,85.4,191,PREFERRED,0
7ab0dd5487bab2dc835337b244f689fb,1,0.0,5.745706018518519,0.0,12.5,10.96,0.8768,5.0,0.045993389172041,SP,sao jose do rio preto,2017-04-05 17:58:30,bed_bath_table,1.0,95.50053871622504,100.0,93.3,97.6,75.4,100.0,192,PREFERRED,1
028872bfa080090a9d0abd4f1af168f8,1,0.0,16.481273148148148,0.0,70.5,47.37,0.6719148936170213,5.0,0.0404726407899448,MG,ribeirao das neves,2017-08-19 09:10:45,unknown,1.0,95.49283567089184,100.0,94.3,91.9,81.2,100.0,193,PREFERRED,1
1b0b0f4f95e962d6f32fe90c759d0479,2,0.0,9.46238425925926,0.0,69.9,11.685,0.1671673819742489,5.0,0.0823065555514241,SP,sao paulo,2018-08-16 13:45:11,health_beauty,1.0,95.47883204710485,100.0,86.3,95.6,95.6,100.0,194,PREFERRED,1
35ef5aa32949680f627efec3c23e705c,3,0.0,9.427731481481482,0.0,102.6,34.843333333333334,0.4443350334593899,4.666666666666667,0.0398876428581922,SC,sombrio,2017-07-11 20:54:38,musical_instruments,1.0,95.47750599424091,100.0,94.4,95.6,87.7,91.7,195,PREFERRED,1
804287717b9156fb7a787acd9af4fac1,1,0.0,9.156145833333332,0.0,18.8,15.1,0.803191489361702,5.0,0.0453241267229061,PR,maringa,2017-06-07 11:49:07,toys,1.0,95.470307829915,100.0,93.4,95.8,77.5,100.0,196,PREFERRED,1
e88c9b79e592e370d6bd852eeefbf057,8,0.0,8.435091145833333,0.0,31.48375,17.763749999999998,0.8813135164954364,4.75,0.0230666255531693,PR,pato branco,2017-07-13 11:44:22,toys,1.0,95.43488551383376,100.0,97.7,96.2,75.3,93.8,197,PREFERRED,1
718539d38d07dd351c76db862760e2e2,35,0.0,8.635720899470899,0.0,36.79457142857143,18.248285714285718,0.5485966982500025,4.628571428571429,0.0330555820175193,SP,campinas,2018-01-03 19:50:16,pet_shop,1.0,95.42911048162462,100.0,95.8,96.1,84.7,90.7,198,PREFERRED,0
97e50a621f8e801f4baf69e08687c192,1,0.0,9.45449074074074,0.0,89.9,7.88,0.0876529477196885,5.0,0.0882505107844501,SP,sao paulo,2018-02-21 06:34:33,toys,1.0,95.42030072321172,100.0,85.2,95.6,97.8,100.0,199,PREFERRED,1
941554c5757b73ba0e50aa7732310afc,3,0.0,8.114648919753087,0.0,35.89666666666667,19.55333333333333,0.5415788960970688,4.666666666666667,0.0375028398008233,SP,sao paulo,2017-05-31 17:23:00,garden_tools,1.0,95.42023120485032,100.0,94.9,96.3,84.9,91.7,200,PREFERRED,1
